date_generated,tip,hash,used
08/11/2024,Drink water as soon as you wake up to rehydrate after a night of sleep,ae7b7d3a4737d8620d726f24dcd2e96b,True
08/11/2024,Exercise for at least 30 minutes a day to improve cardiovascular health,35f3e3d6d2f3456d4e3f3d6d2f3456d,True
08/11/2024,Practice stress-reducing techniques like meditation or deep breathing,4e3d6d2f3456d4e3f3d6d2f3456d4e,True
08/11/2024,Limit screen time before bed to improve sleep quality,6d2f3456d4e3f3d6d2f3456d4e3f3d,True
08/11/2024,Incorporate healthy fats like nuts and avocado into your diet,2f3456d4e3f3d6d2f3456d4e3f3d6d,False
08/11/2024,Listen to your body and take rest days when needed to avoid burnout,3d6d2f3456d4e3f3d6d2f3456d4e3f,False
08/11/2024,Drink water as soon as you wake up to rehydrate after a night of sleep.,1a79a4f0dd8a8b095a8f7dce6d3a9f6f,False
08/11/2024,Exercise for at least 30 minutes a day to improve cardiovascular health.,81dc9bdb52d04dc20036dbd8313ed055,False
08/11/2024,Get at least 7-8 hours of sleep each night to aid in muscle recovery.,4b2277772437681a2b9443d5e5e8f3f8,False
08/11/2024,Practice stress-reducing techniques like meditation or deep breathing.,16896e0d213f3e7443f718d2e9a9b8f6,False
08/11/2024,Eat a balanced diet that includes plenty of fruits and vegetables,9a86d0412f4e5c2a6d2f4e5c2a6d0412f4e,False
08/11/2024,Stay hydrated by drinking at least 8 cups (64 oz) of water per day,0d2f3456d4e3f3d6d2f3456d4e3f3d6d2f3,False
08/11/2024,Take breaks to stretch and move throughout the day to reduce sedentary behavior,6f8a0a934f7a4c2b8a2f1f0d1d2e74a9c4f6d2f4e1a8b,False
08/11/2024,Incorporate strength training into your workout routine to improve bone density,4e3f3d6d2f3456d4e3f3d6d2f3456d4e3f3d6,False
08/11/2024,Stay hydrated by drinking at least 8 cups (64 oz) of water per day.,a1f4b5e1b1e1f5f3f815f5e5f5f5f5f,False
08/11/2024,Take breaks to stretch and move throughout the day to reduce sedentary behavior.,f7f5f5f5f5f5f5f5f5f5f5f5f5f5f5f,False
08/11/2024,Listen to your body and rest when needed to avoid injury or burnout.,9f86d081884c7d659a2feaa0c55ad024,False
08/11/2024,Exercise for at least 30 minutes a day to improve cardiovascular health.,c2d37dcb4f0436a8f6e3b3a5c25f2d8f,False
08/11/2024,Aim for 7-8 hours of sleep each night to help your body repair and recharge.,8f2f6f8b5e2a5c25f2d8f3a5c25f2d8,False
08/11/2024,Take breaks to stretch and move throughout the day to reduce the risk of chronic disease.,83e6b3966f0a1a12a7a93e5d15b40f1e,False
08/11/2024,Get outside and soak up some vitamin D from natural sunlight to boost your mood.,5f2d8f3a5c25f2d8f3a5c25f2d8f,False
08/11/2024,Limit screen time before bed to improve sleep quality and duration.,d8f3a5c25f2d8f3a5c25f2d8f3a5,False
08/11/2024,Stay mentally active and challenged to build cognitive reserve and reduce dementia risk.,c25f2d8f3a5c25f2d8f3a5c25f2d,False
08/16/2024,Drink water as soon as you wake up to rehydrate after a night of sleep,1a79a4f0dd8a8b095a8f7dce6d3a9f6f,False
08/16/2024,Aim for 7-8 hours of sleep each night to help regulate stress hormones,6f8a0a934f7a4c2b8a2f1f0d1d2e74a9c4f6d2f4e1a8b,False
08/16/2024,Take a 10-minute walk outside during your lunch break to boost vitamin D levels,35f3e3d6d2f3456d4e3f3d6d2f3456d,False
08/16/2024,Practice deep breathing exercises to reduce stress and anxiety,ae7b7d3a4737d8620d726f24dcd2e96b,False
08/16/2024,Incorporate strength training into your workout routine to improve bone density,4e3d6d2f3456d4e3f3d6d2f3456d4e,False
08/16/2024,Limit screen time before bed to improve sleep quality,81dc9bdb52d04dc20036dbd8313ed055,False
08/16/2024,Stay hydrated by drinking at least 8 cups (64 oz) of water per day,16896e0d213f3e7443f718d2e9a9b8f6,False
08/16/2024,Take breaks to stretch and move throughout the day to reduce sedentary behavior,9a86d0412f4e5c2a6d2f4e5c2a6d0412f4e,False
